Comptes,Duree_credit,Historique_credit,Objet_credit,Montant_credit,Epargne,Anciennete_emploi,Taux_effort,Situation_familiale,Garanties,Anciennete_domicile,Biens,Age,Autres_credits,Statut_domicile,Nb_credits,Type_emploi,Nb_pers_charge,Telephone,Etranger,Cible,ID
A11,12,A30,A45,1108,A61,A74,4,A93,A101,3,A121,-1,A143,A152,2,A173,1,A191,-1,2,90
A12,24,A30,A49,4241,A61,A73,1,A93,A101,4,A121,36,A143,A152,3,A172,1,-1,-1,2,598
A11,30,A30,A42,4583,A61,A73,2,A91,A103,2,A121,32,A143,A152,2,A173,1,-1,A201,1,647
A12,12,A30,A48,1410,A61,A73,2,A93,A101,2,A121,31,A143,A152,1,A172,1,-1,A201,1,783
A12,15,A30,A40,1778,A61,A72,2,A92,A101,1,A121,26,A143,A151,2,A171,1,-1,A201,2,810
A13,12,A31,A43,409,A64,A73,3,A92,A101,3,A121,42,A143,A151,2,A173,1,A191,A201,1,28
A14,6,A31,A40,783,A65,A73,1,A93,A103,2,A121,-1,A142,A152,1,A172,2,A191,-1,1,56
A14,30,A31,-1,7485,A65,A71,4,A92,A101,1,A121,-1,A141,A152,1,A174,1,A192,-1,2,176
A14,12,A31,-1,3447,A63,A73,4,A92,A101,3,A121,35,A143,A152,1,A172,2,A191,-1,1,245
A13,12,A31,A49,609,A61,A72,4,A92,A101,1,A121,26,A143,-1,1,A171,1,A191,-1,2,440
A11,12,A31,A43,626,A61,A73,4,A92,A101,4,A121,24,A141,A152,1,A172,1,A191,-1,2,549
A11,24,A31,A42,2828,A63,A73,4,A93,A101,4,A121,22,A142,A152,1,A173,1,-1,-1,1,606
A14,48,A31,A49,3609,A61,A73,1,A92,A101,1,A121,27,A142,A152,1,A173,1,-1,A201,1,668
A12,10,A31,A43,1048,A61,A73,4,A93,A101,4,A121,23,A142,A152,1,A172,1,-1,-1,1,742
A11,24,A31,A42,2483,A63,A73,4,A93,A101,4,A121,22,A142,A152,1,A173,1,-1,-1,1,744
A14,28,A31,A41,7824,A65,A72,3,A93,A103,4,A121,40,A141,A151,2,A173,2,A192,A201,1,890
A12,48,A32,A43,5951,A61,A73,2,A92,A101,2,A121,22,A143,A152,1,A173,1,A191,A201,2,2
A14,12,A32,A43,3059,A64,A74,2,A91,A101,4,A121,61,A143,A152,1,A172,1,A191,A201,1,9
A11,6,A32,A43,2647,A63,A73,2,A93,A101,3,A121,44,A143,A151,1,A173,2,A191,A201,1,22
A11,6,A32,A42,1374,A61,A73,1,A93,A101,2,A121,36,A141,A152,1,A172,1,A192,A201,1,26
A12,7,A32,A43,2415,A61,A73,3,A93,A103,2,A121,34,A143,A152,1,A173,1,A191,A201,1,29
A12,18,A32,A49,1913,A64,A72,3,A94,A101,3,A121,36,A141,A152,1,A173,1,A192,-1,1,31
A13,18,A32,A43,2100,A61,A73,4,A93,A102,2,A121,37,A142,A152,1,A173,1,A191,-1,2,38
A12,9,A32,A43,458,A61,A73,4,A93,A101,3,A121,24,A143,A152,1,A173,1,A191,-1,1,40
A14,12,A32,A43,2073,A62,A73,4,A92,A102,2,A121,-1,A143,A152,1,A173,1,A191,-1,1,50
A12,9,A32,A49,1391,A61,A73,2,A94,A101,1,A121,-1,A141,A152,1,A173,1,A192,-1,1,61
A12,12,A32,A40,1007,A64,A73,4,A94,A101,1,A121,-1,A143,A152,1,A173,1,A191,-1,1,68
A11,24,A32,A410,1755,A61,A75,4,A92,A103,4,A121,-1,A143,A152,1,A172,1,A192,-1,1,84
A11,10,A32,A43,2315,A61,A75,3,A93,A101,4,A121,-1,A143,A152,1,A172,1,A191,-1,1,85
A12,12,A32,A40,1318,A64,A75,4,A93,A101,4,A121,-1,A143,A152,1,A173,1,A192,-1,1,95
A14,24,A32,A40,1469,A62,A75,4,A94,A101,4,A121,-1,A143,A151,1,A172,1,A191,-1,1,101
A12,14,A32,A49,1410,A63,A75,1,A94,A101,2,A121,-1,A143,A152,1,A173,1,A192,-1,1,110
A12,18,A32,A40,6260,A61,A74,3,A93,A101,3,A121,-1,A143,A151,1,A172,1,A191,-1,1,113
A11,12,A32,A43,1680,A63,A75,3,A94,A101,1,A121,-1,A143,A152,1,A173,1,A191,-1,1,115
A11,21,A32,-1,1835,A61,A73,3,A92,A101,2,A121,-1,A143,A152,2,A173,1,A192,-1,2,121
A14,12,A32,-1,1768,A61,A73,3,A93,A101,2,A121,-1,A143,A151,1,A172,1,A191,-1,1,123
A12,18,A32,-1,1924,A65,A72,4,A92,A101,3,A121,-1,A143,A151,1,A173,1,A191,-1,2,125
A11,12,A32,-1,701,A61,A73,4,A94,A101,2,A121,-1,A143,A152,1,A172,1,A191,A201,1,127
A14,60,A32,-1,10144,A62,A74,2,A92,A101,4,A121,-1,A143,A152,1,A173,1,A192,A201,1,135
A12,12,A32,-1,766,A63,A73,4,A93,A101,3,A121,-1,A143,A152,1,A172,1,A191,A201,2,138
A13,6,A32,-1,709,A64,A72,2,A94,A101,2,A121,-1,A143,A152,1,A171,1,A191,A202,1,141
A12,11,A32,-1,1577,A64,A72,4,A92,A101,1,A121,-1,A143,A152,1,A173,1,A191,A201,1,168
A14,12,A32,-1,763,A61,A73,4,A92,A101,1,A121,-1,A143,A152,1,A173,1,A192,-1,1,172
A12,8,A32,-1,1414,A61,A73,4,A93,A103,2,A121,-1,A143,A152,1,A173,1,A191,-1,1,174
A14,6,A32,-1,2108,A61,A74,2,A94,A101,2,A121,-1,A143,A151,1,A173,1,A191,-1,1,194
A11,12,A32,-1,1168,A61,A73,4,A94,A101,3,A121,-1,A143,A152,1,A172,1,A191,-1,1,202
A14,36,A32,-1,3835,A65,A75,2,A92,A101,4,A121,-1,A143,A152,1,A172,1,A192,-1,1,212
A13,36,A32,-1,3913,A61,A73,2,A93,A101,2,A121,-1,A143,A152,1,A173,1,A192,-1,1,218
A11,24,A32,-1,3021,A61,A73,2,A91,A101,2,A121,-1,A143,A151,1,A172,1,A191,-1,1,219
A12,12,A32,-1,625,A61,A72,4,A94,A103,1,A121,26,A141,A152,1,A172,1,A191,-1,1,221
A14,12,A32,-1,707,A61,A73,4,A93,A101,2,A121,30,A141,A152,2,A173,1,A191,-1,1,223
A12,18,A32,-1,866,A61,A73,4,A94,A103,2,A121,25,A143,A152,1,A172,1,A191,-1,1,234
A14,24,A32,-1,1258,A61,A74,4,A93,A101,1,A121,25,A143,A152,1,A173,1,A192,-1,1,246
A13,24,A32,-1,1925,A61,A73,2,A93,A101,2,A121,26,A143,A152,1,A173,1,A191,-1,1,249
A14,18,A32,-1,433,A61,A71,3,A92,A102,4,A121,22,A143,A151,1,A173,1,A191,-1,2,250
A11,12,A32,-1,1657,A61,A73,2,A93,A101,2,A121,27,A143,A152,1,A173,1,A191,-1,1,261
A12,48,A32,-1,3060,A61,A74,4,A93,A101,4,A121,-1,A143,A152,2,A173,1,A191,-1,2,274
A14,9,A32,-1,2697,A61,A73,1,A93,A101,2,A121,-1,A143,A152,1,A173,2,A191,-1,1,276
A14,12,A32,-1,1574,A61,A73,4,A93,A101,2,A121,-1,A143,A152,1,A173,1,A191,-1,1,282
A11,47,A32,-1,10722,A61,A72,1,A92,A101,1,A121,-1,A143,A152,1,A172,1,A192,-1,1,286
A12,12,A32,-1,1092,A61,A73,4,A92,A103,4,A121,-1,A143,A152,2,A173,1,A192,-1,1,289
A14,12,A32,-1,1076,A61,A73,2,A94,A101,2,A121,-1,A143,A152,1,A173,1,A192,-1,1,291
A14,18,A32,-1,2515,A61,A73,3,A93,A101,4,A121,-1,A143,A152,1,A173,1,A192,-1,1,299
A14,6,A32,-1,672,A61,A71,1,A92,A101,4,A121,-1,A143,A152,1,A171,1,A192,-1,1,301
A14,6,A32,-1,1543,A64,A73,4,A91,A101,2,A121,-1,A143,A152,1,A173,1,A191,-1,1,306
A12,8,A32,-1,1237,A61,A73,3,A92,A101,4,A121,-1,A143,A152,1,A173,1,A191,-1,2,309
A12,9,A32,-1,276,A61,A73,4,A94,A101,4,A121,-1,A143,A151,1,A172,1,A191,-1,1,310
A13,4,A32,-1,1494,A65,A72,1,A93,A101,2,A121,-1,A143,A152,1,A172,2,A191,-1,1,315
A12,18,A32,-1,3213,A63,A72,1,A94,A101,3,A121,25,A143,-1,1,A173,1,A191,-1,1,343
A12,18,A32,-1,4439,A61,A75,1,A93,A102,1,A121,33,A141,-1,1,A174,1,A192,-1,1,344
A14,9,A32,-1,1236,A61,A72,1,A92,A101,4,A121,23,A143,-1,1,A173,1,A192,-1,1,351
A12,24,A32,-1,1246,A61,A72,4,A93,A101,2,A121,23,A142,-1,1,A172,1,A191,-1,2,356
A14,12,A32,-1,776,A61,A73,4,A94,A101,2,A121,28,A143,-1,1,A173,1,A191,-1,1,359
A11,30,A32,-1,2406,A61,A74,4,A92,A101,4,A121,23,A143,-1,1,A173,1,A191,-1,2,360
A12,18,A32,-1,3001,A61,A74,2,A92,A101,4,A121,40,A143,-1,1,A173,1,A191,-1,1,370
A14,36,A32,-1,3079,A65,A73,4,A93,A101,4,A121,36,A143,-1,1,A173,1,A191,-1,1,371
A13,12,A32,A40,1330,A61,A72,4,A93,A101,1,A121,26,A143,-1,1,A173,1,A191,-1,1,384
A14,18,A32,A43,1126,A65,A72,4,A92,A101,2,A121,21,A143,-1,1,A173,1,A192,-1,1,387
A12,12,A32,A42,983,A64,A72,1,A92,A101,4,A121,19,A143,-1,1,A172,1,A191,-1,1,392
A12,12,A32,A40,1223,A61,A75,1,A91,A101,1,A121,46,A143,-1,2,A173,1,A191,-1,2,399
A14,18,A32,A43,1473,A61,A72,3,A94,A101,4,A121,39,A143,-1,1,A173,1,A192,-1,1,401
A11,15,A32,A43,1053,A61,A72,4,A94,A101,2,A121,27,A143,-1,1,A173,1,A191,-1,1,408
A11,12,A32,A40,2579,A61,A72,4,A93,A101,1,A121,33,A143,-1,1,A172,2,A191,-1,2,417
A14,5,A32,A49,3448,A61,A74,1,A93,A101,4,A121,74,A143,-1,1,A172,1,A191,-1,1,431
A11,9,A32,A42,2136,A61,A73,3,A93,A101,2,A121,25,A143,-1,1,A173,1,A191,-1,1,435
A12,12,A32,A43,1484,A65,A73,2,A94,A101,1,A121,25,A143,-1,1,A173,1,A192,-1,2,436
A14,6,A32,A45,660,A63,A74,2,A94,A101,4,A121,23,A143,-1,1,A172,1,A191,-1,1,437
A12,7,A32,A43,2576,A61,A73,2,A93,A103,2,A121,35,A143,-1,1,A173,1,A191,-1,1,448
A13,12,A32,A42,1424,A65,A75,3,A92,A101,4,A121,55,A143,-1,1,A174,1,A192,-1,1,449
A14,6,A32,A43,518,A61,A73,3,A92,A101,1,A121,29,A143,-1,1,A173,1,A191,-1,1,452
A11,6,A32,A44,343,A61,A72,4,A92,A101,1,A121,27,A143,-1,1,A173,1,A191,-1,1,459
A11,15,A32,A40,1721,A61,A72,2,A93,A101,3,A121,36,A143,-1,1,A173,1,A191,-1,1,462
A12,12,A32,A42,3017,A61,A72,3,A92,A101,1,A121,34,A143,-1,1,A174,1,A191,-1,1,463
A12,12,A32,A49,1037,A62,A74,3,A93,A101,4,A121,39,A143,-1,1,A172,1,A191,-1,1,479
A14,10,A32,A40,1418,A62,A73,3,A93,A101,2,A121,35,A143,-1,1,A172,1,A191,-1,1,489
A12,18,A32,A43,1301,A61,A75,4,A94,A103,2,A121,32,A143,-1,1,A172,1,A191,-1,1,499
A13,9,A32,A43,1126,A62,A75,2,A91,A101,4,A121,49,A143,-1,1,A173,1,A191,-1,1,503
A11,12,A32,A40,759,A61,A74,4,A93,A101,2,A121,26,A143,-1,1,A173,1,A191,-1,2,511
A11,18,A32,A43,3190,A61,A73,2,A92,A101,2,A121,24,A143,-1,1,A173,1,A191,A201,2,522
A12,18,A32,A43,1113,A61,A73,4,A92,A103,4,A121,26,A143,-1,1,A172,2,A191,A201,1,525
A11,6,A32,A40,662,A61,A72,3,A93,A101,4,A121,41,A143,-1,1,A172,2,A192,A201,1,530
A12,12,A32,A43,1534,A61,A72,1,A94,A101,1,A121,23,A143,A151,1,A173,1,A191,-1,2,541
A13,18,A32,A42,2864,A61,A73,2,A93,A101,1,A121,34,A143,A152,1,A172,2,A191,-1,2,544
A11,48,A32,A43,6999,A61,A74,1,A94,A103,1,A121,34,A143,A152,2,A173,1,A192,-1,2,553
A11,24,A32,A42,3234,A61,A72,4,A92,A101,4,A121,23,A143,A151,1,A172,1,-1,-1,2,571
A12,12,A32,A43,2930,A61,A74,2,A92,A101,1,A121,27,A143,A152,1,A173,1,-1,-1,1,577
A14,9,A32,A42,1388,A61,A73,4,A92,A101,2,A121,26,A143,A151,1,A173,1,-1,-1,1,583
A11,18,A32,A42,2039,A61,A73,1,A92,A101,4,A121,20,A141,A151,1,A173,1,-1,-1,2,586
A11,18,A32,A44,1217,A61,A73,4,A94,A101,3,A121,47,A143,A152,1,A172,1,-1,-1,2,589
A14,21,A32,A49,1572,A64,A75,4,A92,A101,4,A121,36,A141,A152,1,A172,1,-1,-1,1,593
A12,7,A32,A43,2329,A61,A72,1,A92,A103,1,A121,45,A143,A152,1,A173,1,-1,-1,1,601
A14,18,A32,A43,2051,A61,A72,4,A93,A101,1,A121,33,A143,A152,1,A173,1,-1,-1,1,609
A14,12,A32,A40,640,A61,A73,4,A91,A101,2,A121,49,A143,A152,1,A172,1,-1,-1,1,620
A14,48,A32,A49,3914,A65,A73,4,A91,A101,2,A121,38,A141,A152,1,A173,1,-1,A201,2,623
A13,6,A32,A42,2116,A61,A73,2,A93,A101,2,A121,41,A143,A152,1,A173,1,-1,A201,1,627
A14,9,A32,A46,3832,A65,A75,1,A93,A101,4,A121,64,A143,A152,1,A172,1,-1,A201,1,630
A11,18,A32,A46,750,A61,A71,4,A92,A101,1,A121,27,A143,A152,1,A171,1,-1,A201,2,641
A11,24,A32,A40,2303,A61,A75,4,A93,A102,1,A121,45,A143,A152,1,A173,1,-1,A201,2,653
A13,12,A32,A43,1297,A61,A73,3,A94,A101,4,A121,23,A143,A151,1,A173,1,-1,A201,1,661
A14,21,A32,A42,2241,A61,A75,4,A93,A101,2,A121,50,A143,A152,2,A173,1,-1,A201,1,663
A11,24,A32,A43,2384,A61,A75,4,A93,A101,4,A121,64,A141,A151,1,A172,1,-1,-1,1,679
A14,18,A32,A43,1453,A61,A72,3,A92,A101,1,A121,26,A143,A152,1,A173,1,-1,-1,1,680
A12,15,A32,A45,2631,A62,A73,3,A92,A101,2,A121,25,A143,A152,1,A172,1,-1,-1,1,692
A12,12,A32,A43,1103,A61,A74,4,A93,A103,3,A121,29,A143,A152,2,A173,1,-1,-1,1,697
A12,9,A32,A43,1206,A61,A75,4,A92,A101,4,A121,25,A143,A152,1,A173,1,-1,-1,1,709
A12,9,A32,A43,2118,A61,A73,2,A93,A101,2,A121,37,A143,A152,1,A172,2,-1,-1,1,710
A14,21,A32,A41,2476,A65,A75,4,A93,A101,4,A121,46,A143,A152,1,A174,1,-1,-1,1,713
A11,12,A32,A40,1228,A61,A73,4,A92,A101,2,A121,24,A143,A152,1,A172,1,-1,-1,2,723
A12,9,A32,A43,790,A63,A73,4,A92,A101,3,A121,66,A143,A152,1,A172,1,-1,-1,1,724
A14,27,A32,A40,2570,A61,A73,3,A92,A101,3,A121,21,A143,A151,1,A173,1,-1,-1,2,725
A11,24,A32,A43,1987,A61,A73,2,A93,A101,4,A121,21,A143,A151,1,A172,2,-1,-1,2,732
A12,8,A32,A43,760,A61,A74,4,A92,A103,2,A121,44,A143,A152,1,A172,1,-1,-1,1,733
A11,12,A32,A40,1274,A61,A72,3,A92,A101,1,A121,37,A143,A152,1,A172,1,-1,-1,2,748
A12,12,A32,A49,841,A62,A74,2,A92,A101,4,A121,23,A143,A151,1,A172,1,-1,-1,1,753
A14,24,A32,A40,1393,A61,A73,2,A93,A103,2,A121,31,A143,A152,1,A173,1,-1,A201,1,759
A12,12,A32,A43,1155,A61,A75,3,A94,A103,3,A121,40,A141,A152,2,A172,1,-1,A201,1,766
A14,10,A32,A41,2901,A65,A72,1,A92,A101,4,A121,31,A143,A151,1,A173,1,-1,A201,1,768
A11,24,A32,A41,2812,A65,A75,2,A92,A101,4,A121,26,A143,A151,1,A173,1,-1,A201,1,771
A11,24,A32,A40,1371,A65,A73,4,A92,A101,4,A121,25,A143,A151,1,A173,1,-1,A201,2,776
A11,18,A32,A43,3509,A61,A74,4,A92,A103,1,A121,25,A143,A152,1,A173,1,-1,A201,1,778
A12,20,A32,A41,6468,A65,A71,1,A91,A101,4,A121,60,A143,A152,1,A174,1,-1,A201,1,785
A12,9,A32,A40,1549,A65,A72,4,A93,A101,2,A121,35,A143,A152,1,A171,1,-1,A201,1,800
A12,12,A32,A40,7472,A65,A71,1,A92,A101,2,A121,24,A143,A151,1,A171,1,-1,A201,1,805
A12,6,A32,A43,590,A61,A72,3,A94,A101,3,A121,26,A143,A152,1,A172,1,-1,A202,1,807
A12,8,A32,A49,907,A61,A72,3,A94,A101,2,A121,26,A143,A152,1,A173,1,-1,A201,1,811
A12,6,A32,A43,484,A61,A74,3,A94,A103,3,A121,28,A141,A152,1,A172,1,-1,A201,1,812
A14,6,A32,A44,1338,A63,A73,1,A91,A101,4,A121,62,A143,A152,1,A173,1,A191,A201,1,817
A11,18,A32,A43,1345,A61,A73,4,A94,A101,3,A121,26,A141,A152,1,A173,1,A191,A201,2,820
A14,12,A32,A40,1101,A61,A73,3,A94,A101,2,A121,27,A143,A152,2,A173,1,A192,A201,1,821
A13,15,A32,A43,2327,A61,A72,2,A92,A101,3,A121,25,A143,A152,1,A172,1,A191,A201,2,835
A14,4,A32,A42,601,A61,A72,1,A92,A101,3,A121,23,A143,A151,1,A172,2,A191,A201,1,838
A14,18,A32,A45,1943,A61,A72,4,A92,A101,4,A121,23,A143,A152,1,A173,1,A191,A201,2,843
A14,24,A32,A40,1249,A61,A72,4,A94,A101,2,A121,28,A143,A152,1,A173,1,A191,A201,1,848
A11,9,A32,A43,1364,A61,A74,3,A93,A101,4,A121,59,A143,A152,1,A173,1,A191,A201,1,849
A11,12,A32,A43,709,A61,A75,4,A93,A101,4,A121,57,A142,A152,1,A172,1,A191,A201,2,850
A14,24,A32,A40,1474,A62,A72,4,A94,A101,3,A121,33,A143,A152,1,A173,1,A192,A201,1,856
A14,9,A32,A40,3577,A62,A73,1,A93,A103,2,A121,26,A143,A151,1,A173,2,A191,A202,1,860
A11,24,A32,A43,2439,A61,A72,4,A92,A101,4,A121,35,A143,A152,1,A173,1,A192,A201,2,863
A14,10,A32,A42,2210,A61,A73,2,A93,A101,2,A121,25,A141,A151,1,A172,1,A191,A201,2,865
A14,15,A32,A44,874,A65,A72,4,A92,A101,1,A121,24,A143,A152,1,A173,1,A191,A201,1,874
A14,15,A32,A42,2186,A65,A74,1,A92,A101,4,A121,33,A141,A151,1,A172,1,A191,A201,1,899
A14,15,A32,A43,1386,A65,A73,4,A94,A101,2,A121,40,A143,A151,1,A173,1,A192,A201,1,904
A14,24,A32,A43,1278,A61,A75,4,A93,A101,1,A121,36,A143,A152,1,A174,1,A192,A201,1,905
A11,12,A32,A43,1107,A61,A73,2,A93,A101,2,A121,20,A143,A151,1,A174,2,A192,A201,1,906
A11,21,A32,A40,3763,A65,A74,2,A93,A102,2,A121,24,A143,A152,1,A172,1,A191,A202,1,907
A12,9,A32,A40,3195,A65,A73,1,A92,A101,2,A121,33,A143,A152,1,A172,1,A191,A201,1,910
A14,11,A32,A49,2142,A64,A75,1,A91,A101,2,A121,28,A143,A152,1,A173,1,A192,A201,1,914
A14,10,A32,A41,2848,A62,A73,1,A93,A102,2,A121,32,A143,A152,1,A173,2,A191,A201,1,917
A13,9,A32,A43,745,A61,A73,3,A92,A101,2,A121,28,A143,A152,1,A172,1,A191,A201,2,937
A14,10,A32,A40,1546,A61,A73,3,A93,A101,2,A121,31,A143,A152,1,A172,2,A191,A202,1,942
A12,15,A32,A45,1514,A62,A73,4,A93,A103,2,A121,22,A143,A152,1,A173,1,A191,A201,1,971
A12,6,A32,A43,753,A61,A73,2,A92,A103,3,A121,64,A143,A152,1,A173,1,A191,A201,1,977
A14,13,A32,A43,1409,A62,A71,2,A92,A101,4,A121,64,A143,A152,1,A173,1,A191,A201,1,988
A14,12,A32,A42,1736,A61,A74,3,A92,A101,4,A121,31,A143,A152,1,A172,1,A191,A201,1,996
A12,18,A33,A45,6204,A61,A73,2,A93,A101,4,A121,44,A143,A152,1,A172,2,A192,-1,1,43
A14,6,A33,A43,932,A61,A73,3,A92,A101,2,A121,-1,A143,A152,1,A173,1,A191,-1,1,103
A12,36,A33,-1,4455,A61,A73,2,A91,A101,2,A121,-1,A142,A152,2,A174,1,A192,-1,2,182
A13,30,A33,-1,1908,A61,A75,4,A93,A101,4,A121,-1,A143,A152,1,A174,1,A192,-1,2,214
A14,24,A33,-1,2978,A65,A73,4,A93,A101,4,A121,32,A143,A152,2,A173,2,A192,-1,1,224
A12,60,A33,-1,7418,A65,A73,1,A93,A101,1,A121,27,A143,A152,1,A172,1,A191,-1,1,256
A11,24,A33,-1,1024,A61,A72,4,A94,A101,4,A121,-1,A142,A152,1,A173,1,A191,-1,2,290
A14,6,A33,-1,1743,A62,A73,1,A93,A101,2,A121,34,A143,-1,2,A172,1,A191,-1,1,349
A14,18,A33,-1,2320,A61,A71,2,A94,A101,3,A121,34,A143,-1,2,A173,1,A191,-1,1,377
A14,21,A33,A42,1591,A62,A74,4,A93,A101,3,A121,34,A143,-1,2,A174,1,A191,-1,1,424
A12,12,A33,A43,585,A61,A73,4,A94,A102,4,A121,20,A143,-1,2,A173,1,A191,-1,1,514
A14,12,A33,A41,1503,A61,A73,4,A94,A101,4,A121,41,A143,-1,1,A173,1,A191,A201,1,533
A11,24,A33,A40,1333,A61,A71,4,A93,A101,2,A121,43,A143,A153,2,A173,2,A191,-1,2,546
A14,18,A33,A42,1808,A61,A74,4,A92,A101,1,A121,22,A143,A152,1,A173,1,-1,-1,2,615
A14,21,A33,A49,2580,A63,A72,4,A93,A101,2,A121,41,A141,A152,1,A172,2,-1,A201,2,675
A14,15,A33,A43,1478,A61,A73,4,A94,A101,3,A121,33,A141,A152,2,A173,1,-1,-1,1,683
A14,21,A33,A41,2993,A61,A73,3,A93,A101,2,A121,28,A142,A152,2,A172,1,A191,A201,1,842
A14,36,A33,A43,4454,A61,A73,4,A92,A101,4,A121,34,A143,A152,2,A173,1,A191,A201,1,911
A11,12,A33,A40,1344,A61,A73,4,A93,A101,2,A121,43,A143,A152,2,A172,2,A191,A201,1,930
A11,6,A34,A43,1169,A65,A75,4,A93,A101,4,A121,67,A143,A152,2,A173,1,A192,A201,1,1
A14,12,A34,A46,2096,A61,A74,2,A93,A101,3,A121,49,A143,A152,1,A172,2,A191,A201,1,3
A11,10,A34,A40,2241,A61,A72,1,A93,A101,3,A121,48,A143,A151,2,A172,2,A191,A202,1,23
A12,15,A34,A43,1537,A65,A75,4,A93,A103,4,A121,-1,A143,A152,2,A173,1,A192,-1,1,62
A12,42,A34,A49,5954,A61,A74,2,A92,A101,1,A121,-1,A141,A152,2,A172,1,A191,-1,1,74
A14,12,A34,A49,1412,A61,A73,4,A92,A103,2,A121,-1,A143,A152,2,A174,1,A192,-1,1,86
A14,12,A34,A43,618,A61,A75,4,A93,A101,4,A121,-1,A143,A152,1,A173,1,A191,-1,1,91
A11,12,A34,A41,1409,A61,A75,4,A93,A101,3,A121,-1,A143,A152,1,A173,1,A191,-1,1,92
A12,36,A34,A43,2337,A61,A75,4,A93,A101,4,A121,-1,A143,A152,1,A173,1,A191,-1,1,99
A14,36,A34,A40,7855,A61,A73,4,A92,A101,2,A121,-1,A142,A152,2,A173,1,A192,-1,2,114
A14,48,A34,A43,3578,A65,A75,4,A93,A101,1,A121,-1,A143,A152,1,A173,1,A192,-1,1,116
A11,10,A34,A42,2132,A65,A72,2,A92,A102,3,A121,-1,A143,A151,2,A173,1,A191,-1,1,118
A11,12,A34,-1,3499,A61,A73,3,A92,A102,2,A121,-1,A143,A152,2,A173,1,A191,A201,2,130
A14,12,A34,-1,1240,A65,A75,4,A92,A101,2,A121,-1,A143,A152,2,A173,1,A192,A201,1,136
A12,15,A34,-1,2728,A65,A74,4,A93,A103,2,A121,-1,A141,A152,3,A173,1,A192,A201,1,139
A11,9,A34,-1,1288,A62,A75,3,A93,A103,4,A121,-1,A143,A152,2,A173,2,A191,A202,1,157
A14,6,A34,-1,1898,A65,A73,1,A93,A101,2,A121,-1,A143,A152,2,A172,2,A191,A201,1,160
A14,24,A34,-1,2872,A62,A75,3,A93,A101,4,A121,-1,A143,A152,1,A173,2,A192,A201,1,161
A12,24,A34,-1,1935,A61,A75,4,A91,A101,4,A121,-1,A143,A152,2,A173,1,A192,A201,2,170
A11,21,A34,-1,571,A61,A75,4,A93,A101,4,A121,-1,A143,A152,2,A173,1,A191,-1,1,180
A14,24,A34,-1,3777,A64,A73,4,A93,A101,4,A121,-1,A143,A152,1,A173,1,A192,-1,1,184
A14,12,A34,-1,1495,A61,A75,4,A93,A101,1,A121,-1,A143,A152,2,A172,2,A191,-1,1,205
A14,12,A34,-1,1935,A61,A75,4,A93,A101,4,A121,-1,A143,A152,3,A173,1,A192,-1,1,207
A14,9,A34,-1,3074,A65,A73,1,A93,A101,2,A121,-1,A143,A152,2,A173,2,A191,-1,1,211
A14,4,A34,-1,1544,A61,A74,2,A93,A101,1,A121,42,A143,A152,3,A172,2,A191,-1,1,235
A14,12,A34,-1,1185,A61,A73,3,A92,A101,2,A121,27,A143,A152,2,A173,1,A191,-1,1,244
A14,12,A34,-1,717,A61,A75,4,A93,A101,4,A121,52,A143,A152,3,A173,1,A191,-1,1,247
A11,6,A34,-1,666,A64,A74,3,A92,A101,4,A121,39,A143,A152,2,A172,1,A192,-1,1,251
A14,24,A34,-1,2684,A61,A73,4,A93,A101,2,A121,35,A143,A152,2,A172,1,A191,-1,1,257
A14,11,A34,-1,1154,A62,A71,4,A92,A101,4,A121,57,A143,A152,3,A172,1,A191,-1,1,260
A14,10,A34,-1,1231,A61,A75,3,A93,A101,4,A121,32,A143,A152,2,A172,2,A191,-1,1,265
A14,36,A34,-1,6304,A65,A75,4,A93,A101,4,A121,36,A143,A152,2,A173,1,A191,-1,1,267
A13,24,A34,-1,1344,A65,A74,4,A93,A101,2,A121,-1,A141,A152,2,A172,2,A191,-1,2,303
A14,18,A34,-1,1028,A61,A73,4,A92,A101,3,A121,-1,A143,-1,2,A173,1,A191,-1,1,325
A11,8,A34,-1,3398,A61,A74,1,A93,A101,4,A121,-1,A143,-1,2,A172,1,A191,-1,1,326
A14,18,A34,-1,1864,A62,A73,4,A92,A101,2,A121,-1,A143,-1,2,A173,1,A191,-1,2,332
A11,6,A34,-1,3384,A61,A73,1,A91,A101,4,A121,-1,A143,-1,1,A174,1,A192,-1,2,336
A12,13,A34,-1,882,A61,A72,4,A93,A103,4,A121,23,A143,-1,2,A173,1,A191,-1,1,347
A14,12,A34,-1,2331,A65,A75,1,A93,A102,4,A121,49,A143,-1,1,A173,1,A192,-1,1,357
A14,10,A34,-1,2146,A61,A72,1,A92,A101,3,A121,23,A143,-1,2,A173,1,A191,-1,1,373
A14,24,A34,A43,1516,A64,A73,4,A92,A101,1,A121,43,A143,-1,2,A172,1,A191,-1,1,400
A12,18,A34,A49,1887,A65,A73,4,A94,A101,4,A121,28,A141,-1,2,A173,1,A191,-1,1,402
A13,12,A34,A40,939,A63,A74,4,A94,A101,2,A121,28,A143,-1,3,A173,1,A192,-1,2,410
A12,12,A34,A40,958,A61,A74,2,A93,A101,3,A121,47,A143,-1,2,A172,2,A191,-1,1,423
A14,18,A34,A43,1149,A64,A73,4,A93,A101,3,A121,46,A143,-1,2,A173,1,A191,-1,1,428
A14,24,A34,A45,2058,A61,A73,4,A91,A101,2,A121,33,A143,-1,2,A173,1,A192,-1,1,434
A14,24,A34,A40,1287,A64,A75,4,A92,A101,4,A121,37,A143,-1,2,A173,1,A192,-1,1,438
A11,11,A34,A40,3905,A61,A73,2,A93,A101,2,A121,36,A143,-1,2,A173,2,A191,-1,1,457
A12,12,A34,A43,3573,A61,A73,1,A92,A101,1,A121,23,A143,-1,1,A172,1,A191,-1,1,481
A14,12,A34,A40,1163,A63,A73,4,A93,A101,4,A121,44,A143,-1,1,A173,1,A192,-1,1,485
A11,12,A34,A40,2122,A61,A73,3,A93,A101,2,A121,39,A143,-1,2,A172,2,A191,-1,1,495
A11,6,A34,A40,1361,A61,A72,2,A93,A101,4,A121,40,A143,-1,1,A172,2,A191,A202,1,517
A14,4,A34,A43,1503,A61,A74,2,A93,A101,1,A121,42,A143,-1,2,A172,2,A191,A201,1,528
A14,12,A34,A40,1255,A61,A75,4,A93,A101,4,A121,61,A143,A152,2,A172,1,A191,-1,1,545
A14,12,A34,A45,996,A65,A74,4,A92,A101,4,A121,23,A143,A152,2,A173,1,A191,-1,1,551
A12,18,A34,A42,1928,A61,A72,2,A93,A101,2,A121,31,A143,A152,2,A172,1,A191,-1,2,560
A12,18,A34,A40,1056,A61,A75,3,A93,A103,3,A121,30,A141,A152,2,A173,1,-1,-1,2,581
A12,12,A34,A40,3124,A61,A72,1,A93,A101,3,A121,49,A141,A152,2,A172,2,-1,-1,1,582
A11,9,A34,A40,2799,A61,A73,2,A93,A101,2,A121,36,A143,A151,2,A173,2,-1,-1,1,587
A11,12,A34,A43,385,A61,A74,4,A92,A101,3,A121,58,A143,A152,4,A172,1,-1,-1,1,591
A14,24,A34,A49,4526,A61,A73,3,A93,A101,2,A121,74,A143,A152,1,A174,1,-1,-1,1,607
A11,6,A34,A40,3676,A61,A73,1,A93,A101,3,A121,37,A143,A151,3,A173,2,-1,-1,1,618
A14,42,A34,A42,4042,A63,A73,4,A93,A101,4,A121,36,A143,A152,2,A173,1,-1,A201,1,629
A11,6,A34,A40,4716,A65,A72,1,A93,A101,3,A121,44,A143,A152,2,A172,2,-1,-1,1,694
A11,9,A34,A43,1138,A61,A73,4,A93,A101,4,A121,25,A143,A152,2,A172,1,-1,-1,1,714
A14,6,A34,A40,250,A64,A73,2,A92,A101,2,A121,41,A141,A152,2,A172,1,-1,-1,1,726
A13,24,A34,A49,1275,A64,A73,2,A91,A101,4,A121,36,A143,A152,2,A173,1,-1,-1,1,730
A14,4,A34,A40,3380,A61,A74,1,A92,A101,1,A121,37,A143,A152,1,A173,2,-1,-1,1,735
A13,6,A34,A40,1299,A61,A73,1,A93,A101,1,A121,74,A143,A152,3,A171,2,-1,A202,1,757
A11,18,A34,A42,2124,A61,A73,4,A92,A101,4,A121,24,A143,A151,2,A173,1,-1,A201,2,762
A14,12,A34,A43,1655,A61,A75,2,A93,A101,4,A121,63,A143,A152,2,A172,1,-1,A201,1,770
A12,39,A34,A43,4933,A61,A74,2,A93,A103,2,A121,25,A143,A152,2,A173,1,-1,A201,2,781
A14,24,A34,A40,1940,A64,A75,4,A93,A101,4,A121,60,A143,A152,1,A173,1,-1,A201,1,782
A12,18,A34,A43,1795,A61,A75,3,A92,A103,4,A121,48,A141,A151,2,A172,1,-1,A201,1,802
A14,12,A34,A43,930,A65,A75,4,A93,A101,4,A121,65,A143,A152,4,A173,1,-1,A201,1,808
A11,8,A34,A40,731,A61,A75,4,A93,A101,4,A121,47,A143,A152,2,A172,1,A191,A201,1,824
A11,18,A34,A40,3966,A61,A75,1,A92,A101,4,A121,33,A141,A151,3,A173,1,A192,A201,2,827
A14,24,A34,A43,2611,A61,A75,4,A94,A102,3,A121,46,A143,A152,2,A173,1,A191,A201,1,840
A14,24,A34,A41,5804,A64,A73,4,A93,A101,2,A121,27,A143,A152,2,A173,1,A191,A201,1,861
A14,27,A34,A42,4526,A64,A72,4,A93,A101,2,A121,32,A142,A152,2,A172,2,A192,A201,1,864
A13,6,A34,A40,1343,A61,A75,1,A93,A101,4,A121,46,A143,A152,2,A173,2,A191,A202,1,872
A11,24,A34,A49,1382,A62,A74,4,A93,A101,1,A121,26,A143,A152,2,A173,1,A192,A201,1,873
A12,30,A34,A40,2181,A65,A75,4,A93,A101,4,A121,36,A143,A152,2,A173,1,A191,A201,1,883
A14,20,A34,A40,3485,A65,A72,2,A91,A101,4,A121,44,A143,A152,2,A173,1,A192,A201,1,902
A14,9,A34,A40,1224,A61,A73,3,A93,A101,1,A121,30,A143,A152,2,A173,1,A191,A201,1,933
A14,4,A34,A40,1455,A61,A74,2,A93,A101,1,A121,42,A143,A152,3,A172,2,A191,A201,1,944
A12,9,A34,A43,1154,A61,A75,2,A93,A101,4,A121,37,A143,A152,3,A172,1,A191,A201,1,958
A14,6,A34,A43,1740,A61,A75,2,A94,A101,2,A121,30,A143,A151,2,A173,1,A191,A201,1,961
A11,11,A34,A40,3939,A61,A73,1,A93,A101,2,A121,40,A143,A152,2,A172,2,A191,A201,1,970
A14,54,A30,A41,9436,A65,A73,2,A93,A101,2,A122,-1,A143,A152,1,A172,2,A191,-1,1,79
A11,27,A30,-1,5293,A61,A71,2,A93,A101,4,A122,-1,A142,A152,2,A173,1,A192,-1,2,213
A11,18,A30,-1,3104,A61,A74,3,A93,A101,1,A122,-1,A141,A152,1,A173,1,A192,-1,1,217
A11,12,A30,-1,6199,A61,A73,4,A93,A101,2,A122,28,A143,-1,2,A173,1,A192,-1,2,354
A14,12,A30,A42,2759,A61,A75,2,A93,A101,4,A122,34,A143,-1,2,A173,1,A191,-1,1,453
A11,18,A30,A42,3114,A61,A72,1,A92,A101,4,A122,26,A143,-1,1,A173,1,A191,-1,2,476
A14,21,A30,A40,5003,A65,A73,1,A92,A101,4,A122,29,A141,A152,2,A173,1,A192,-1,2,558
A12,12,A30,A42,2969,A61,A72,4,A92,A101,3,A122,25,A143,A151,2,A173,1,-1,-1,2,708
A12,48,A30,A410,18424,A61,A73,1,A92,A101,2,A122,32,A141,A152,1,A174,1,A192,A202,2,916
A13,42,A30,A49,6289,A61,A72,2,A91,A101,1,A122,33,A143,A152,2,A173,1,A191,A201,1,987
A11,21,A31,-1,1647,A65,A73,4,A93,A101,2,A122,-1,A143,A152,2,A172,2,A191,-1,2,183
A12,15,A31,A40,6850,A62,A71,1,A93,A101,2,A122,34,A143,-1,1,A174,2,A192,-1,2,508
A14,6,A31,A43,1750,A63,A75,2,A93,A101,4,A122,45,A141,A152,1,A172,2,A191,-1,1,552
A12,6,A31,A40,931,A62,A72,1,A92,A101,1,A122,32,A142,A152,1,A172,1,-1,-1,2,596
A12,6,A31,A46,433,A64,A72,4,A92,A101,2,A122,24,A141,A151,1,A173,2,-1,-1,2,722
A11,24,A31,A49,3161,A61,A73,4,A93,A101,2,A122,31,A143,A151,1,A173,1,A192,A201,2,915
A11,24,A31,A42,6872,A61,A72,2,A91,A101,1,A122,55,A141,A152,1,A173,1,A192,A201,2,925
A12,15,A31,A40,1264,A62,A73,2,A94,A101,2,A122,25,A143,A151,1,A173,1,A191,A201,2,980
A11,42,A32,A42,7882,A61,A74,2,A93,A103,4,A122,45,A143,A153,1,A173,2,A191,A201,1,4
A14,24,A32,A42,2835,A63,A75,3,A93,A101,4,A122,53,A143,A152,1,A173,1,A191,A201,1,7
A11,48,A32,A49,4308,A61,A72,3,A92,A101,4,A122,24,A143,A151,1,A173,1,A191,A201,2,12
A13,12,A32,A42,1474,A61,A72,4,A92,A101,1,A122,33,A141,A152,1,A174,1,A192,-1,1,35
A11,6,A32,A41,1352,A63,A71,1,A92,A101,2,A122,-1,A143,A151,1,A171,1,A192,-1,1,48
A14,18,A32,A41,3378,A65,A73,2,A93,A101,1,A122,-1,A143,A152,1,A173,1,A192,-1,1,54
A14,24,A32,A43,3181,A61,A72,4,A92,A101,4,A122,-1,A143,A152,1,A173,1,A192,-1,1,65
A14,27,A32,A45,5190,A65,A75,4,A93,A101,4,A122,-1,A143,A152,4,A173,2,A192,-1,1,66
A14,36,A32,A41,8133,A61,A73,1,A92,A101,2,A122,-1,A141,A152,1,A173,1,A191,-1,1,71
A12,30,A32,A42,3832,A61,A72,2,A94,A101,1,A122,-1,A143,A152,1,A173,1,A191,-1,1,80
A14,15,A32,A43,1213,A63,A75,4,A93,A101,3,A122,-1,A142,A152,1,A173,1,A192,-1,1,82
A14,18,A32,A49,1568,A62,A73,3,A92,A101,4,A122,-1,A143,A151,1,A172,1,A191,-1,1,83
A11,24,A32,A42,7721,A65,A72,1,A92,A101,2,A122,-1,A143,A152,1,A173,1,A192,-1,1,109
A13,15,A32,A46,392,A61,A72,4,A92,A101,4,A122,-1,A143,A151,1,A173,1,A192,-1,1,112
A14,15,A32,-1,2708,A61,A72,2,A93,A101,3,A122,-1,A141,A152,2,A172,1,A191,A201,1,133
A14,10,A32,-1,1924,A61,A73,1,A93,A101,4,A122,-1,A143,A152,1,A173,1,A192,A202,1,152
A14,15,A32,-1,1262,A63,A74,4,A93,A101,3,A122,-1,A143,A152,2,A173,1,A192,A201,1,163
A14,36,A32,-1,909,A63,A75,4,A93,A101,4,A122,-1,A143,A152,1,A173,1,A191,A201,1,165
A14,24,A32,-1,3972,A61,A74,2,A92,A101,4,A122,-1,A143,A151,1,A173,1,A192,A201,1,169
A11,12,A32,-1,674,A62,A74,4,A94,A101,1,A122,-1,A143,A152,1,A173,1,A191,-1,2,189
A14,24,A32,-1,4591,A64,A73,2,A93,A101,3,A122,-1,A143,A152,3,A174,1,A192,-1,2,191
A12,45,A32,-1,3031,A62,A73,4,A93,A103,4,A122,-1,A143,A151,1,A173,1,A191,-1,2,195
A11,12,A32,-1,902,A61,A74,4,A94,A101,4,A122,-1,A143,A151,1,A173,1,A191,-1,2,204
A14,12,A32,-1,1413,A64,A74,3,A93,A101,2,A122,-1,A143,A152,1,A173,1,A191,-1,1,210
A11,12,A32,-1,1200,A65,A73,4,A92,A101,4,A122,23,A141,A151,1,A173,1,A192,-1,1,222
A12,6,A32,-1,14555,A65,A71,1,A93,A101,2,A122,23,A143,A152,1,A171,1,A192,-1,2,237
A11,30,A32,-1,2522,A61,A75,1,A93,A103,3,A122,39,A143,A152,1,A173,2,A191,-1,1,240
A14,6,A32,-1,1595,A61,A74,3,A93,A101,2,A122,51,A143,A152,1,A173,2,A191,-1,1,242
A11,14,A32,-1,8978,A61,A75,1,A91,A101,4,A122,45,A143,A152,1,A174,1,A192,-1,2,269
A14,18,A32,-1,2662,A65,A74,4,A93,A101,3,A122,-1,A143,A152,1,A173,1,A191,-1,1,271
A11,12,A32,-1,1262,A65,A75,2,A91,A101,4,A122,-1,A143,A152,1,A172,1,A192,-1,1,278
A14,6,A32,-1,4611,A61,A72,1,A92,A101,4,A122,-1,A143,A152,1,A173,1,A191,-1,2,279
A11,48,A32,-1,4788,A61,A74,4,A93,A101,3,A122,-1,A143,A152,1,A173,2,A191,-1,1,287
A14,10,A32,-1,1287,A65,A75,4,A93,A102,2,A122,-1,A143,A152,1,A172,1,A191,-1,1,298
A14,30,A32,-1,4811,A65,A74,2,A92,A101,4,A122,-1,A142,A151,1,A172,1,A191,-1,1,307
A11,12,A32,-1,708,A61,A73,2,A93,A103,3,A122,-1,A143,-1,1,A172,2,A191,-1,1,317
A12,24,A32,-1,4351,A65,A73,1,A92,A101,4,A122,-1,A143,-1,1,A172,1,A192,-1,1,318
A11,24,A32,-1,1938,A61,A72,4,A91,A101,3,A122,-1,A143,-1,1,A173,1,A191,-1,2,322
A12,60,A32,-1,7408,A62,A72,4,A92,A101,2,A122,-1,A143,-1,1,A174,1,A191,-1,2,333
A12,13,A32,-1,2101,A61,A72,2,A92,A103,4,A122,-1,A143,-1,1,A172,1,A191,-1,1,337
A11,24,A32,-1,4169,A61,A73,4,A93,A101,4,A122,-1,A143,-1,1,A173,1,A191,-1,1,339
A13,10,A32,-1,3949,A61,A72,1,A93,A103,1,A122,37,A143,-1,1,A172,2,A191,-1,1,345
A14,6,A32,-1,1766,A61,A73,1,A94,A101,2,A122,21,A143,-1,1,A173,1,A191,-1,1,364
A14,22,A32,A40,1283,A65,A74,4,A92,A101,4,A122,25,A143,-1,1,A173,1,A191,-1,1,383
A14,18,A32,A40,1820,A61,A73,2,A94,A101,2,A122,30,A143,-1,1,A174,1,A192,-1,1,391
A12,24,A32,A43,2039,A61,A72,1,A94,A101,1,A122,22,A143,-1,1,A173,1,A192,-1,2,406
A11,24,A32,A40,1381,A65,A73,4,A92,A101,2,A122,35,A143,-1,1,A173,1,A191,-1,2,415
A12,18,A32,A40,1042,A65,A73,4,A92,A101,2,A122,33,A143,-1,1,A173,1,A191,-1,2,420
A12,12,A32,A42,2762,A65,A75,1,A92,A101,2,A122,25,A141,-1,1,A173,1,A192,-1,2,425
A11,12,A32,A42,1620,A61,A73,2,A92,A102,3,A122,30,A143,-1,1,A173,1,A191,-1,1,442
A11,24,A32,A40,4817,A61,A74,2,A93,A102,3,A122,31,A143,-1,1,A173,1,A192,-1,2,455
A11,36,A32,A42,3620,A61,A73,1,A93,A103,2,A122,37,A143,-1,1,A173,2,A191,-1,1,461
A12,12,A32,A48,754,A65,A75,4,A93,A101,4,A122,38,A143,-1,2,A173,1,A191,-1,1,464
A11,6,A32,A46,448,A61,A72,4,A92,A101,4,A122,23,A143,-1,1,A173,1,A191,-1,2,472
A14,6,A32,A48,1238,A65,A71,4,A93,A101,4,A122,36,A143,-1,1,A174,2,A192,-1,1,474
A12,24,A32,A40,1201,A61,A72,4,A93,A101,1,A122,26,A143,-1,1,A173,1,A191,-1,1,482
A11,30,A32,A42,3622,A64,A75,4,A92,A101,4,A122,57,A143,-1,2,A173,1,A192,-1,1,483
A14,6,A32,A40,3518,A61,A73,2,A93,A103,3,A122,26,A143,-1,1,A173,1,A191,-1,1,490
A12,6,A32,A43,368,A65,A75,4,A93,A101,4,A122,38,A143,-1,1,A173,1,A191,-1,1,494
A11,24,A32,A40,3123,A61,A72,4,A92,A101,1,A122,27,A143,-1,1,A173,1,A191,-1,2,501
A11,24,A32,A40,1207,A61,A72,4,A92,A101,4,A122,24,A143,-1,1,A173,1,A191,-1,2,505
A14,10,A32,A40,1309,A65,A73,4,A93,A103,4,A122,27,A143,-1,1,A172,1,A191,-1,2,506
A14,24,A32,A43,1413,A61,A73,4,A94,A101,2,A122,28,A143,-1,1,A173,1,A191,-1,1,509
A13,15,A32,A49,2687,A61,A74,2,A93,A101,4,A122,26,A143,-1,1,A173,1,A192,-1,1,513
A14,24,A32,A40,2255,A65,A72,4,A93,A101,1,A122,54,A143,-1,1,A173,1,A191,-1,1,515
A11,6,A32,A40,1203,A62,A75,3,A93,A101,2,A122,43,A143,-1,1,A173,1,A192,A201,1,519
A14,24,A32,A43,1311,A62,A74,4,A94,A101,3,A122,26,A143,A152,1,A173,1,A192,-1,1,534
A11,6,A32,A40,1374,A65,A71,4,A92,A101,3,A122,75,A143,A152,1,A174,1,A192,-1,1,537
A13,18,A32,A42,3049,A61,A72,1,A92,A101,1,A122,45,A142,A152,1,A172,1,A191,-1,1,540
A11,30,A32,A42,6350,A65,A75,4,A93,A101,4,A122,31,A143,A152,1,A173,1,A191,-1,2,543
A12,9,A32,A46,1199,A61,A74,4,A92,A101,4,A122,67,A143,A152,2,A174,1,A192,-1,1,555
A14,24,A32,A41,5433,A65,A71,2,A92,A101,4,A122,26,A143,A151,1,A174,1,-1,-1,1,573
A11,15,A32,A49,806,A61,A73,4,A92,A101,4,A122,22,A143,A152,1,A172,1,-1,-1,1,574
A11,12,A32,A42,1289,A61,A73,4,A93,A103,1,A122,21,A143,A152,1,A172,1,-1,-1,1,588
A12,24,A32,A40,2718,A61,A73,3,A92,A101,4,A122,20,A143,A151,1,A172,1,-1,-1,2,594
A12,9,A32,A42,918,A61,A73,4,A92,A101,1,A122,30,A143,A152,1,A173,1,-1,-1,2,602
A13,10,A32,A42,1275,A61,A72,4,A92,A101,2,A122,23,A143,A152,1,A173,1,-1,-1,1,605
A11,12,A32,A44,741,A62,A71,4,A92,A101,3,A122,22,A143,A152,1,A173,1,-1,-1,2,611
A12,15,A32,A43,1444,A65,A72,4,A93,A101,1,A122,23,A143,A152,1,A173,1,-1,A201,1,633
A14,12,A32,A46,1393,A61,A75,4,A93,A101,4,A122,47,A141,A152,3,A173,2,-1,A201,1,636
A14,15,A32,A46,4623,A62,A73,3,A93,A101,2,A122,40,A143,A152,1,A174,1,-1,A201,2,643
A14,12,A32,A40,1386,A63,A73,2,A92,A101,2,A122,26,A143,A152,1,A173,1,-1,A201,2,648
A12,12,A32,A42,1922,A61,A73,4,A93,A101,2,A122,37,A143,A152,1,A172,1,-1,A201,2,652
A14,60,A32,A40,10366,A61,A75,2,A93,A101,4,A122,42,A143,A152,1,A174,1,-1,A201,1,673
A11,12,A32,A40,3651,A64,A73,1,A93,A101,3,A122,31,A143,A152,1,A173,2,-1,-1,1,690
A14,6,A32,A41,1236,A63,A73,2,A93,A101,4,A122,50,A143,A151,1,A173,1,-1,-1,1,696
A12,27,A32,A49,2528,A61,A72,4,A92,A101,1,A122,32,A143,A152,1,A173,2,-1,-1,1,705
A12,48,A32,A40,6560,A62,A74,3,A93,A101,2,A122,24,A143,A152,1,A173,1,-1,-1,2,707
A14,21,A32,A43,3160,A65,A75,4,A93,A101,3,A122,41,A143,A152,1,A173,1,-1,-1,1,743
A11,6,A32,A42,428,A61,A75,2,A92,A101,1,A122,49,A141,A152,1,A173,1,-1,-1,1,751
A11,12,A32,A43,2214,A61,A73,4,A93,A101,3,A122,24,A143,A152,1,A172,1,-1,A201,1,763
A11,30,A32,A42,3108,A61,A72,2,A91,A101,4,A122,31,A143,A152,1,A172,1,-1,A201,2,767
A12,12,A32,A40,836,A62,A72,4,A92,A101,2,A122,23,A141,A152,1,A172,1,-1,A201,2,784
A12,18,A32,A49,1941,A64,A73,4,A93,A101,2,A122,35,A143,A152,1,A172,1,-1,A201,1,786
A12,21,A32,A49,1188,A61,A75,2,A92,A101,4,A122,39,A143,A152,1,A173,2,-1,A201,2,791
A14,9,A32,A42,2301,A62,A72,2,A92,A101,4,A122,22,A143,A151,1,A173,1,-1,A201,1,796
A11,18,A32,A41,7511,A65,A75,1,A93,A101,4,A122,51,A143,A153,1,A173,2,-1,A201,2,797
A11,36,A32,A42,2712,A61,A75,2,A93,A101,2,A122,41,A141,A152,1,A173,2,A191,A201,2,823
A11,36,A32,A42,5179,A61,A74,4,A93,A101,2,A122,29,A143,A152,1,A173,1,A191,A201,2,841
A14,18,A32,A42,3422,A61,A75,4,A93,A101,4,A122,47,A141,A152,3,A173,2,A192,A201,1,845
A14,10,A32,A48,894,A65,A74,4,A92,A101,3,A122,40,A143,A152,1,A173,1,A192,A201,1,857
A11,15,A32,A40,3959,A61,A73,3,A92,A101,2,A122,29,A143,A152,1,A173,1,A192,A201,2,859
A14,36,A32,A49,7409,A65,A75,3,A93,A101,2,A122,37,A143,A152,2,A173,1,A191,A201,1,869
A11,12,A32,A42,652,A61,A75,4,A92,A101,4,A122,24,A143,A151,1,A173,1,A191,A201,1,870
A11,12,A32,A42,3590,A61,A73,2,A93,A102,2,A122,29,A143,A152,1,A172,2,A191,A201,1,875
A11,12,A32,A46,795,A61,A72,4,A92,A101,4,A122,53,A143,A152,1,A173,1,A191,A201,2,886
A11,21,A32,A43,2606,A61,A72,4,A92,A101,4,A122,28,A143,A151,1,A174,1,A192,A201,1,897
A11,24,A32,A42,2359,A62,A71,1,A91,A101,1,A122,33,A143,A152,1,A173,1,A191,A201,2,919
A11,24,A32,A42,3345,A61,A75,4,A93,A101,2,A122,39,A143,A151,1,A174,1,A192,A201,2,920
A11,9,A32,A43,1366,A61,A72,3,A92,A101,4,A122,22,A143,A151,1,A173,1,A191,A201,2,923
A12,12,A32,A40,2002,A61,A74,3,A93,A101,4,A122,30,A143,A151,1,A173,2,A192,A201,1,924
A11,24,A32,A42,1747,A61,A72,4,A93,A102,1,A122,24,A143,A152,1,A172,1,A191,A202,1,931
A14,12,A32,A40,3527,A65,A72,2,A93,A101,3,A122,45,A143,A152,1,A174,2,A192,A201,1,941
A11,15,A32,A42,1845,A61,A72,4,A92,A103,1,A122,46,A143,A151,1,A173,1,A191,A201,1,945
A14,18,A32,A42,1533,A61,A72,4,A94,A102,1,A122,43,A143,A152,1,A172,2,A191,A201,2,949
A11,12,A32,A40,1893,A61,A73,4,A92,A103,4,A122,29,A143,A152,1,A173,1,A192,A201,1,955
A12,6,A32,A45,454,A61,A72,3,A94,A101,1,A122,22,A143,A152,1,A172,1,A191,A201,1,965
A14,42,A32,A43,7166,A65,A74,2,A94,A101,4,A122,29,A143,A151,1,A173,1,A192,A201,1,969
A14,24,A32,A40,7393,A61,A73,1,A93,A101,4,A122,43,A143,A152,1,A172,2,A191,A201,1,972
A11,36,A32,A41,8229,A61,A73,2,A93,A101,2,A122,26,A143,A152,1,A173,2,A191,A201,2,984
A11,36,A32,A42,3959,A61,A71,4,A93,A101,3,A122,30,A143,A152,1,A174,1,A192,A201,1,994
A11,30,A32,A41,3857,A61,A73,4,A91,A101,4,A122,40,A143,A152,1,A174,1,A192,A201,1,997
A12,24,A33,A42,2333,A65,A72,4,A93,A101,2,A122,-1,A141,A152,1,A172,1,A191,-1,1,51
A12,11,A33,A43,4771,A61,A74,2,A93,A101,4,A122,-1,A143,A152,1,A173,1,A191,-1,1,78
A12,20,A33,A41,7057,A65,A74,3,A93,A101,4,A122,-1,A141,A151,2,A174,2,A192,-1,1,100
A11,36,A33,-1,6887,A61,A73,4,A93,A101,3,A122,-1,A142,A152,1,A173,1,A192,A201,2,132
A12,24,A33,-1,2064,A61,A71,3,A92,A101,2,A122,-1,A143,A152,1,A174,1,A192,-1,2,173
A11,21,A33,-1,3414,A61,A72,2,A93,A101,1,A122,-1,A143,A152,2,A173,1,A191,-1,2,175
A14,24,A33,-1,4151,A62,A73,2,A93,A101,3,A122,35,A143,A152,2,A173,1,A191,-1,1,254
A11,15,A33,-1,3643,A61,A75,1,A92,A101,4,A122,-1,A143,-1,2,A172,1,A191,-1,1,320
A14,30,A33,A49,4272,A62,A73,2,A93,A101,2,A122,26,A143,-1,2,A172,1,A191,-1,1,385
A12,15,A33,A45,1512,A64,A73,3,A94,A101,3,A122,61,A142,-1,2,A173,1,A191,-1,2,450
A14,15,A33,A42,960,A64,A74,3,A92,A101,2,A122,30,A143,-1,2,A173,1,A191,-1,1,484
A12,6,A33,A40,1209,A61,A71,4,A93,A101,4,A122,47,A143,-1,1,A174,1,A192,-1,2,486
A13,6,A33,A43,683,A61,A72,2,A92,A101,1,A122,29,A141,A152,1,A173,1,A191,-1,1,563
A12,24,A33,A49,4712,A65,A73,4,A93,A101,2,A122,37,A141,A152,2,A174,1,-1,-1,1,565
A12,24,A33,A43,1553,A62,A74,3,A92,A101,2,A122,23,A143,A151,2,A173,1,-1,-1,1,566
A11,42,A33,A43,4370,A61,A74,3,A93,A101,2,A122,26,A141,A152,2,A173,2,-1,A201,2,640
A12,6,A33,A42,1050,A61,A71,4,A93,A101,1,A122,35,A142,A152,2,A174,1,-1,A201,1,664
A12,36,A33,A49,9857,A62,A74,1,A93,A101,3,A122,31,A143,A152,2,A172,2,-1,-1,1,685
A12,30,A33,A49,2503,A62,A75,4,A93,A101,2,A122,41,A142,A152,2,A173,1,-1,-1,1,704
A12,36,A33,A40,7432,A61,A73,2,A92,A101,2,A122,54,A143,A151,1,A173,1,A191,A201,1,816
A14,15,A33,A41,3594,A61,A72,1,A92,A101,2,A122,46,A143,A152,2,A172,1,A191,A201,1,909
A12,21,A33,A40,2353,A61,A73,1,A91,A101,4,A122,47,A143,A152,2,A173,1,A191,A201,1,962
A12,18,A33,A49,2427,A65,A75,4,A93,A101,2,A122,42,A143,A152,2,A173,1,A191,A201,1,978
A14,24,A34,A43,2424,A65,A75,4,A93,A101,4,A122,53,A143,A152,2,A173,1,A191,A201,1,17
A12,12,A34,A41,1804,A62,A72,3,A93,A101,4,A122,44,A143,A152,1,A173,1,A191,A201,1,24
A12,45,A34,A43,4746,A61,A72,4,A93,A101,2,A122,25,A143,A152,2,A172,1,A191,-1,2,36
A14,11,A34,A40,7228,A61,A73,1,A93,A101,4,A122,-1,A143,A152,2,A172,1,A191,-1,1,49
A14,7,A34,A43,730,A65,A75,4,A93,A101,2,A122,-1,A143,A151,2,A172,1,A192,-1,1,72
A12,18,A34,A42,1295,A61,A72,4,A92,A101,1,A122,-1,A143,A152,2,A173,1,A191,-1,1,87
A14,12,A34,A43,797,A65,A75,4,A92,A101,3,A122,-1,A141,A152,1,A172,2,A191,-1,2,93
A11,12,A34,-1,2121,A61,A73,4,A93,A101,2,A122,-1,A143,A152,2,A173,1,A191,-1,1,126
A14,21,A34,-1,2288,A61,A72,4,A92,A101,4,A122,-1,A143,A152,1,A173,1,A192,A201,1,145
A11,36,A34,-1,5371,A61,A73,3,A93,A103,2,A122,-1,A143,A152,2,A173,1,A191,A201,1,149
A14,18,A34,-1,1055,A61,A72,4,A92,A101,1,A122,-1,A143,A152,2,A173,1,A191,A201,1,162
A14,15,A34,-1,1360,A61,A73,4,A93,A101,2,A122,-1,A143,A152,2,A173,1,A191,-1,1,186
A12,12,A34,-1,1424,A61,A74,4,A93,A101,3,A122,-1,A143,A152,1,A173,1,A191,-1,1,208
A12,6,A34,-1,932,A65,A74,1,A92,A101,3,A122,-1,A143,A152,2,A172,1,A191,-1,1,216
A14,12,A34,-1,1291,A61,A73,4,A92,A101,2,A122,35,A143,A152,2,A173,1,A191,-1,1,239
A14,15,A34,-1,1520,A65,A75,4,A93,A101,4,A122,-1,A143,A152,1,A173,1,A191,-1,1,284
A11,10,A34,-1,1038,A61,A74,4,A93,A102,3,A122,-1,A143,A152,2,A173,1,A192,-1,1,304
A14,12,A34,-1,5801,A65,A75,2,A93,A101,4,A122,-1,A143,-1,1,A173,1,A192,-1,1,327
A12,18,A34,A42,7374,A61,A71,4,A93,A101,4,A122,40,A142,-1,2,A174,1,A192,-1,1,388
A11,36,A34,A42,2348,A61,A73,3,A94,A101,2,A122,46,A143,-1,2,A173,1,A192,-1,1,398
A14,36,A34,A41,5842,A61,A75,2,A93,A101,2,A122,35,A143,-1,2,A173,2,A192,-1,1,416
A14,9,A34,A46,1244,A65,A75,4,A92,A101,4,A122,41,A143,-1,2,A172,1,A191,-1,1,446
A14,6,A34,A43,1237,A62,A73,1,A92,A101,1,A122,27,A143,-1,2,A173,1,A191,-1,1,493
A14,24,A34,A42,1585,A61,A74,4,A93,A101,3,A122,40,A143,-1,2,A173,1,A191,-1,1,498
A11,6,A34,A40,609,A61,A74,4,A92,A101,3,A122,37,A143,-1,2,A173,1,A191,-1,1,516
A14,36,A34,A42,7127,A61,A72,2,A92,A101,4,A122,23,A143,-1,2,A173,1,A192,A201,2,518
A12,18,A34,A42,3612,A61,A75,3,A92,A101,4,A122,37,A143,A152,1,A173,1,A192,-1,1,538
A11,12,A34,A42,2246,A61,A75,3,A93,A101,3,A122,60,A143,A152,2,A173,1,-1,-1,2,590
A14,18,A34,A40,2775,A61,A74,2,A93,A101,2,A122,31,A141,A152,2,A173,1,-1,-1,2,599
A12,21,A34,A49,3652,A61,A74,2,A93,A101,3,A122,27,A143,A152,2,A173,1,-1,-1,1,621
A14,18,A34,A40,1530,A61,A73,3,A93,A101,2,A122,32,A141,A152,2,A173,1,-1,-1,2,622
A11,18,A34,A43,1880,A61,A74,4,A94,A101,1,A122,32,A143,A152,2,A174,1,-1,A201,1,645
A13,6,A34,A46,1047,A61,A73,2,A92,A101,4,A122,50,A143,A152,1,A172,1,-1,A201,1,665
A11,12,A34,A40,4843,A61,A75,3,A93,A102,4,A122,43,A143,A151,2,A173,1,-1,A201,2,669
A13,30,A34,A43,3017,A61,A75,4,A93,A101,4,A122,47,A143,A152,1,A173,1,-1,A201,1,670
A14,24,A34,A49,4139,A62,A73,3,A93,A101,3,A122,27,A143,A152,2,A172,1,-1,A201,1,671
A13,10,A34,A43,1347,A65,A74,4,A93,A101,2,A122,27,A143,A152,2,A173,1,-1,-1,1,687
A11,15,A34,A42,975,A61,A73,2,A91,A101,3,A122,25,A143,A152,2,A173,1,-1,-1,1,691
A14,12,A34,A40,926,A61,A71,1,A92,A101,2,A122,38,A143,A152,1,A171,1,-1,-1,1,698
A14,18,A34,A43,629,A63,A75,4,A93,A101,3,A122,32,A141,A152,2,A174,1,-1,-1,1,711
A14,15,A34,A43,1316,A63,A73,2,A94,A101,2,A122,47,A143,A152,2,A172,1,-1,-1,1,727
A11,39,A34,A42,14179,A65,A74,4,A93,A101,4,A122,30,A143,A152,2,A174,1,-1,-1,1,745
A11,13,A34,A49,1797,A61,A72,3,A93,A101,1,A122,28,A141,A152,2,A172,1,-1,-1,1,746
A11,12,A34,A40,691,A61,A75,4,A93,A101,3,A122,35,A143,A152,2,A173,1,-1,A201,2,760
A14,24,A34,A40,2463,A62,A74,4,A94,A101,3,A122,27,A143,A152,2,A173,1,-1,A201,1,765
A14,24,A34,A43,2223,A62,A75,4,A93,A101,4,A122,52,A141,A152,2,A173,1,-1,A201,1,774
A14,6,A34,A42,1221,A65,A73,1,A94,A101,2,A122,27,A143,A152,2,A173,1,-1,A201,1,793
A14,12,A34,A42,1258,A61,A72,2,A92,A101,4,A122,22,A143,A151,2,A172,1,-1,A201,1,798
A11,20,A34,A42,4272,A61,A75,1,A92,A101,4,A122,24,A143,A152,2,A173,1,-1,A201,1,803
A11,24,A34,A41,2957,A61,A75,4,A93,A101,4,A122,63,A143,A152,2,A173,1,A192,A201,1,839
A11,20,A34,A40,2235,A61,A73,4,A94,A103,2,A122,33,A141,A151,2,A173,1,A191,A202,2,851
A14,24,A34,A41,4042,A65,A74,3,A93,A101,4,A122,43,A143,A152,2,A173,1,A192,A201,1,852
A14,12,A34,A42,3331,A61,A75,2,A93,A101,4,A122,42,A142,A152,1,A173,1,A191,A201,1,868
A14,30,A34,A43,6742,A65,A74,2,A93,A101,3,A122,36,A143,A152,2,A173,1,A191,A201,1,880
A11,12,A34,A40,2171,A61,A73,4,A93,A101,4,A122,38,A141,A152,2,A172,1,A191,A202,1,893